{
  "world_from_foot":   {
      "left":  [
          [ 0.983282, -0.17186271, 0.0, -0.040760472 ],
          [ 0.17170541, 0.98418272, -0.0, -0.13886115 ],
          [ -0.0, 0.0, 0.97309476, 0.0 ],
          [ 0.0, 0.0, 0.0, 1.0 ]
      ],
      "right": [
          [ 0.99338639, 0.10030435, -0.0, 0.057244677 ],
          [ -0.10025682, 0.99385726, 0.0, -0.1465496 ],
          [ 0.0, -0.0, 0.97309482, 0.0 ],
          [ 0.0, 0.0, 0.0, 1.0 ]
      ]
  },
  "world_from_ground": [
      [ 0.411093, 0.0, 0.0, 0.0 ],
      [ 0.0, 0.411093, 0.0, 0.0 ],
      [ 0.0, 0.0, 0.411093, 0.0 ],
      [ 0.0, 0.0, 0.0, 1.0 ]
  ]
}
